{"root":[{"assemblyName":"Assembly-CSharp-firstpass","nameSpace":"I2.Loc","className":"LocalizeTarget_TextMeshPro_Label","methodName":"AutoRegister","loadTypes":1,"isUnityClass":false},{"assemblyName":"Assembly-CSharp-firstpass","nameSpace":"I2.Loc","className":"LocalizeTarget_TextMeshPro_UGUI","methodName":"AutoRegister","loadTypes":1,"isUnityClass":false},{"assemblyName":"Assembly-CSharp-firstpass","nameSpace":"I2.Loc","className":"LocalizeTarget_UnityStandard_AudioSource","methodName":"AutoRegister","loadTypes":1,"isUnityClass":false},{"assemblyName":"Assembly-CSharp-firstpass","nameSpace":"I2.Loc","className":"LocalizeTarget_UnityStandard_Child","methodName":"AutoRegister","loadTypes":1,"isUnityClass":false},{"assemblyName":"Assembly-CSharp-firstpass","nameSpace":"I2.Loc","className":"LocalizeTarget_UnityStandard_MeshRenderer","methodName":"AutoRegister","loadTypes":1,"isUnityClass":false},{"assemblyName":"Assembly-CSharp-firstpass","nameSpace":"I2.Loc","className":"LocalizeTarget_UnityStandard_Prefab","methodName":"AutoRegister","loadTypes":1,"isUnityClass":false},{"assemblyName":"Assembly-CSharp-firstpass","nameSpace":"I2.Loc","className":"LocalizeTarget_UnityStandard_SpriteRenderer","methodName":"AutoRegister","loadTypes":1,"isUnityClass":false},{"assemblyName":"Assembly-CSharp-firstpass","nameSpace":"I2.Loc","className":"LocalizeTarget_UnityStandard_TextMesh","methodName":"AutoRegister","loadTypes":1,"isUnityClass":false},{"assemblyName":"Assembly-CSharp-firstpass","nameSpace":"I2.Loc","className":"LocalizeTarget_UnityStandard_VideoPlayer","methodName":"AutoRegister","loadTypes":1,"isUnityClass":false},{"assemblyName":"Assembly-CSharp-firstpass","nameSpace":"I2.Loc","className":"LocalizeTarget_UnityUI_Image","methodName":"AutoRegister","loadTypes":1,"isUnityClass":false},{"assemblyName":"Assembly-CSharp-firstpass","nameSpace":"I2.Loc","className":"LocalizeTarget_UnityUI_RawImage","methodName":"AutoRegister","loadTypes":1,"isUnityClass":false},{"assemblyName":"Assembly-CSharp-firstpass","nameSpace":"I2.Loc","className":"LocalizeTarget_UnityUI_Text","methodName":"AutoRegister","loadTypes":1,"isUnityClass":false},{"assemblyName":"UniTask","nameSpace":"Cysharp.Threading.Tasks","className":"PlayerLoopHelper","methodName":"Init","loadTypes":1,"isUnityClass":false},{"assemblyName":"Unity.2D.Animation.Runtime","nameSpace":"","className":"__JobReflectionRegistrationOutput__12640072059193112690","methodName":"EarlyInit","loadTypes":2,"isUnityClass":true},{"assemblyName":"Unity.2D.Animation.Runtime","nameSpace":"","className":"$BurstDirectCallInitializer","methodName":"Initialize","loadTypes":2,"isUnityClass":true},{"assemblyName":"Unity.2D.SpriteShape.Runtime","nameSpace":"","className":"__JobReflectionRegistrationOutput__7081003197938994914","methodName":"EarlyInit","loadTypes":2,"isUnityClass":true},{"assemblyName":"Unity.2D.SpriteShape.Runtime","nameSpace":"","className":"$BurstDirectCallInitializer","methodName":"Initialize","loadTypes":2,"isUnityClass":true},{"assemblyName":"Unity.Collections","nameSpace":"","className":"__JobReflectionRegistrationOutput__1652832624114795843","methodName":"EarlyInit","loadTypes":2,"isUnityClass":true},{"assemblyName":"Unity.Collections","nameSpace":"","className":"$BurstDirectCallInitializer","methodName":"Initialize","loadTypes":2,"isUnityClass":true},{"assemblyName":"Unity.VisualScripting.Core","nameSpace":"Unity.VisualScripting","className":"RuntimeVSUsageUtility","methodName":"RuntimeInitializeOnLoadBeforeSceneLoad","loadTypes":1,"isUnityClass":true}]}
